<?xml version="1.0" encoding="utf-8"?>
<odoo>
    <data>
        <record model="ir.module.category" id="dock_groups_rights">
            <field name="name">Dock User</field>
            <field name="description">User access level for this Dock POS</field>
            <field name="sequence">3</field>
        </record>
        <record id="dock_group_worker" model="res.groups">
            <field name="name">Dock Admin</field>
            <field name="category_id" ref="tst_changes.dock_groups_rights"/>
        </record>
    </data>
</odoo>