<?xml version="1.0" encoding="utf-8"?>
<templates id="template" inherit_id="point_of_sale.template">
    <t t-extend="ClientDetails">
        <t t-jquery=".edit-buttons .button.edit" t-operation="after">
            <div class="button add-car">
                <i class="fa fa-car"></i>
            </div>
        </t>
    </t>
    <t t-extend="UsernameWidget">
        <t t-jquery=".username" t-operation="before">
            <div class="select-emplyees">
                Employees
            </div>
        </t>
    </t>
    <t t-extend="ClientListScreenWidget">
        <t t-jquery=".client-list thead tr" t-operation="append">
            <th style="width:200px">Vehicles</th>
        </t>
    </t>
    <t t-extend="ClientLine">
        <t t-jquery="tr" t-operation="append">
            <td style="width:200px">
                <t t-if="partner.partner_cars">
                    <t t-foreach="partner.partner_cars" t-as="aCar">
                        <span style="padding-right: 10px;font-size:12px"><t t-esc="aCar.vehicle_no" /></span>
                    </t>
                </t>
            </td>
        </t>
    </t>
    <t t-name="TstCarReadingWidget">
        <div class="tst-car-readings-section">
            <div class="client-detail">
                <div class="button view-car-readings">View Readings</div>
            </div>
            <t t-if="widget.pos.table and currentCarIndex!=-1">
            <t t-if="widget.pos.table.currentCar">
            <div class="client-detail">
                <span class="label">Selected Car</span>
                <input class="detail customer-car-reading-per-day" name="select-car-model" type="hidden" t-att-value="widget.pos.table.currentCar['id']" />
                <div class="customer-car-reading-per-day-display">
                    <t t-esc="currentCarIndex.car_brand[1]" /> | <t t-esc="currentCarIndex.vehicle_no" />
                </div>
            </div>
            </t>
            </t>
            <t t-set="carPerDayRead" t-value="0" />
            <t t-set="carPerDayReadExpected" t-value="0" />
            <t t-if="widget.pos.changed.selectedClient">
                <t t-if="widget.pos.table.currentCar">
                    <t t-foreach="widget.pos.usr_cars" t-as="currCar">
                        <t t-if="widget.pos.table.currentCar['id']==currCar.id">
                            <t t-set="carPerDayRead" t-value="currCar.car_readaing_per_day" />
                            <t t-set="carPerDayReadExpected" t-value="currCar.oil_change_after_readaing" />
                        </t>
                    </t>
                </t>
            </t>
            <div class="client-detail">
                <span class="label">Car Reading (Per Day)</span>
                <input type="number" class="detail customer-oil-change customer-car-reading-per-day-input" name="car-reading-per-day" placeholder="Car Reading Per Day" t-att-value="carPerDayRead" />
            </div>
            <div class="client-detail">
                <span class="label">Expected Car Reading After KM</span>
                <input type="number" class="detail customer-oil-change customer-car-reading-expected" name="car-reading-per-expected" placeholder="Expected Car Reading After KM"  t-att-value="carPerDayReadExpected" />
            </div>
            <div class="client-detail">
                <span class="label">Current Reading</span>
                <input type="number" class="detail customer-oil-change customer-current-reading" name="car-current-reading" placeholder="Car Current Reading" value="" />
            </div>
            <div class="client-detail">
                <span class="label">Next Service</span>
                <input type="number" class="detail customer-oil-change customer-next-oil-change" name="car-next-oil-change" placeholder="Next Service" readonly="1" value="" />
            </div>
            <div class="client-detail">
                <span class="label">Next Service Date</span>
                <input type="text" class="detail customer-oil-change customer-next-oil-date" name="car-next-oil-date" placeholder="Next Service Date" readonly="1" value="" />
            </div>
        </div>
    </t>
    <t t-name="CarCreationWidget">
        <div class="modal-dialog">
            <div class="popup car-list-creation">
                <div class="title">Create Car</div>
                <div class="body">
                    <div class="product-creation-form">
                        <div class="product-creation-form-error" style="display:none;color:red"></div>
                        <table style="width: 80%;margin-left: 75px;">
                            <tr>
                                <th style="width: 260px;">Customer Name : </th>
                                <td style="padding-left: 10px;"><span t-esc='widget.customer_name' /><input class="car_customer_id" type='hidden' t-att-value="widget.customer_id" /></td>
                            </tr>
                            <tr>
                                <th style="width: 260px;">Car Brand :</th>
                                <td>
                                    <select class="car_type">
                                    <t t-foreach="widget.car_brands" t-as="brand">
                                        <option t-att-value="brand.id"><t t-esc="brand.car_brand" /></option>
                                    </t>
                                    </select>
                                </td>
                            </tr>
                            <tr>
                                <th style="width: 260px;">Car Model: </th>
                                <td><input class="car_model" type='text'></input></td>
                            </tr>
                            <tr>
                                <th style="width: 260px;">Vehicle No: </th>
                                <td><input class="car_vehicle_no" type='text'></input></td>
                            </tr>
                            <tr>
                                <th style="width: 260px;">Car Reading Per Day (KM):</th>
                                <td><input class="car_read_per_day" type='text'></input></td>
                            </tr>
                            <tr>
                                <th style="width: 260px;">Service After Reading (KM):</th>
                                <td><input class="car_read_oil_change" type='text'></input></td>
                            </tr>
                            <tr>
                                <th></th>
                                <td><div class="button confirm">Create Car</div></td>
                            </tr>
                        </table>
                    </div>
                    <div class="touch-scrollable scrollable-y" style="height: 230px">
                        <table class="client-cars-list">
                            <thead>
                                <tr>
                                    <th>Car Name</th>
                                    <th>Brand</th>
                                    <th>Model</th>
                                    <th>Vehicle No</th>
                                    <th></th>
                                </tr>
                            </thead>
                            <tbody>
                                <t t-set="counter" t-value="0" />
                                <tr t-foreach="widget.usr_cars" t-as="car">
                                    <t t-if="car.partner_id[0]==widget.customer_id">
                                    <td><span t-esc="car.name" /></td>
                                    <td><span t-esc="car.car_brand" /></td>
                                    <td><span t-esc="car.car_model" /></td>
                                    <td><span t-esc="car.vehicle_no" /></td>
                                    <td>
                                        <t t-if="car.id!=widget.currentCar and widget.check_car_available(car.id)==0">
                                        <span class="button highlight set-default-car" t-att-car-id="car.id" t-att-car-vehicle-no="car.vehicle_no" t-att-car-partner-id="car.partner_id[0]">Set Default Car</span>
                                        </t>
                                    </td>
                                    <t t-set="counter" t-value="counter+1" />
                                    </t>
                                </tr>
                                <t t-if="counter==0">
                                <tr><td colspan="4" class="text-center"><strong>Cars Not Found Against that Customer</strong></td></tr>
                                </t>
                            </tbody>
                        </table>
                    </div>
                </div>
                <div class="footer">
                    <div class="button cancel">
                        Cancel
                    </div>
                </div>
            </div>
        </div>
    </t>
    <t t-name="CarShowReadingsWidget">
        <div class="modal-dialog">
            <div class="popup car-show-readings car-list-creation">
                <div class="title">Car Readings</div>
                <div class="body">
                    <div class="product-creation-form">
                        Car Brand: <t t-esc="widget.car_brand" /><br />
                        Vehicle No: <t t-esc="widget.car_vehicleno" />
                    </div>
                    <div class="touch-scrollable scrollable-y" style="height: 480px">
                        <table class="client-cars-list">
                            <thead>
                                <tr>
                                    <th>Per Day Reading</th>
                                    <th>Reading</th>
                                    <th>Reading Date</th>
                                    <th>Next Service KM</th>
                                    <th>Next Service Date</th>
                                    <th>Next Service Date</th>
                                </tr>
                            </thead>
                            <tbody>
                                <t t-set="counter" t-value="0" />
                                <tr t-foreach="widget.car_readings" t-as="reading">
                                    <t t-if="reading.car_id[0]==widget.car_id">
                                    <td><span t-esc="reading.per_day_reading" /></td>
                                    <td><span t-esc="reading.current_readaing" /></td>
                                    <td><span t-esc="reading.create_date" /></td>
                                    <td><span t-esc="reading.next_oil_change_km" /></td>
                                    <td><span t-esc="reading.next_oil_change_date" /></td>
                                    <td>
                                        <t t-if="reading.pos_order_id">
                                        <div class="button view-order" style="background-color:#6EC89B;color:#fff;font-weight:bold" t-att-order-id="reading.pos_order_id[0]">
                                            View Order
                                        </div>
                                        </t>
                                    </td>
                                    <t t-set="counter" t-value="counter+1" />
                                    </t>
                                </tr>
                                <t t-if="counter==0">
                                <tr><td colspan="5" class="text-center"><strong>Readings Not Found Against that Car</strong></td></tr>
                                </t>
                            </tbody>
                        </table>
                    </div>
                </div>
                <div class="footer">
                    <div class="button cancel">
                        Cancel
                    </div>
                </div>
            </div>
        </div>
    </t>
    <t t-name="SelectWorkingEmployeesWidget">
        <div class="modal-dialog">
            <div class="popup car-select-employees car-list-creation">
                <div class="title">Select Employees</div>
                <div class="body">
                    <t t-if="widget.pos.table">
                    <div class="touch-scrollable scrollable-y" style="height: 480px">
                        <table class="client-cars-list">
                            <thead>
                                <tr>
                                    <th></th>
                                    <th>Employee ID</th>
                                    <th>Employee Name</th>
                                </tr>
                            </thead>
                            <tbody>
                                <t t-set="counter" t-value="0" />
                                <tr t-foreach="widget.emp_id" t-as="emp">
                                    <td>
                                        <t t-set="loop_counter" t-value="0"/>
                                        <t t-if="widget.selected_employees">
                                        <t t-foreach="widget.selected_employees" t-as="single_emp">
                                            <t t-if="single_emp==emp.id">
                                                <input type="checkbox" class="employee-selected" t-att-value="emp.id" checked="checked" />
                                                <t t-set="loop_counter" t-value="loop_counter+1"/>
                                            </t>
                                        </t>
                                        </t>
                                        <t t-if="loop_counter==0">
                                            <input type="checkbox" class="employee-selected" t-att-value="emp.id" />
                                        </t>
                                    </td>
                                    <td><span t-esc="emp.id" /></td>
                                    <td><span t-esc="emp.name" /></td>
                                    <t t-set="counter" t-value="counter+1" />
                                </tr>
                                <t t-if="counter==0">
                                <tr><td colspan="5" class="text-center"><strong>No Employees Created Yet</strong></td></tr>
                                </t>
                            </tbody>
                        </table>
                    </div>
                    </t>
                    <t t-else="">
                        <div class="touch-scrollable scrollable-y" style="height: 480px;text-align:center">Please Select a Table</div>
                    </t>
                </div>
                <div class="footer">
                    <div class="button done-select">
                        Done
                    </div>
                    <div class="button cancel">
                        Cancel
                    </div>
                </div>
            </div>
        </div>
    </t>
    <t t-extend="ProductCategoriesWidget">
        <t t-jquery=".breadcrumbs" t-operation="after">
            <div class="searchbox default-partner-car">
                <t t-if="widget.pos.table">
                    <t t-if="widget.pos.table.currentCar">
                        <t t-if="widget.pos.table.currentCar['vehicle_no']">
                            <t t-esc="widget.pos.table.currentCar['vehicle_no']" />
                        </t>
                        <t t-else="">
                            No Car Selected
                        </t>
                    </t>
                    <t t-else="">
                        No Car Selected
                    </t>
                </t>
                <t t-else="">
                    No Car Selected
                </t>
            </div>
        </t>
    </t>
    <t t-name="TableCarsListWidget">
        <t t-if="widget.customerSelected=='n'">
            <t t-set="indexCounter" t-value="0"/>
            <tr t-foreach="slicedArr" t-as="car">
                <td><t t-esc="car.partner_id[1]" /></td>
                <t t-set="partner" t-value="widget.pos.db.get_partner_by_id(car.partner_id[0])" />
                <td><t t-esc='partner.phone or partner.mobile or ""' /></td>
                <td><t t-if="car.car_brand"><t t-esc="car.car_brand[1]" /></t></td>
                <td><t t-if="car.car_model"><t t-esc="car.car_model" /></t></td>
                <td><t t-esc="car.vehicle_no" /></td>
                <td>
                    <t t-if="car.id!=widget.current_car_id and widget.check_car_available(car.id)==0">
                    <span class="button highlight set-default-car" t-att-car-index-id="indexCounter" t-att-car-id="car.id" t-att-car-vehicle-no="car.vehicle_no" t-att-car-partner-id="car.partner_id[0]">Set Default Car</span>
                    </t>
                </td>
                <t t-set="indexCounter" t-value="indexCounter+1"/>
            </tr>
        </t>
        <t t-else="">
            <t t-set="indexCounter" t-value="0"/>
            <tr t-foreach="widget.usr_cars" t-as="car">
                <t t-if="car.partner_id[0]==widget.customerSelected">
                    <td><t t-esc="car.partner_id[1]" /></td>
                    <t t-set="partner" t-value="widget.pos.db.get_partner_by_id(car.partner_id[0])" />
                    <td><t t-esc='partner.phone or partner.mobile or ""' /></td>
                    <td><t t-if="car.car_brand"><t t-esc="car.car_brand[1]" /></t></td>
                    <td><t t-if="car.car_model"><t t-esc="car.car_model" /></t></td>
                    <td><t t-esc="car.vehicle_no" /></td>
                    <td>
                        <t t-if="car.id!=widget.current_car_id and widget.check_car_available(car.id)==0">
                        <span class="button highlight set-default-car" t-att-car-index-id="indexCounter" t-att-car-id="car.id" t-att-car-vehicle-no="car.vehicle_no" t-att-car-partner-id="car.partner_id[0]">Set Default Car</span>
                        </t>
                    </td>
                </t>
                <t t-set="indexCounter" t-value="indexCounter+1"/>
            </tr>
        </t>
    </t>
    <t t-name="SelectAndSearchCar">
        <div class="modal-dialog">
            <div class="popup car-select-default car-list-creation ">
                <div class="title">Select and Search Cars</div>
                <div class="body">
                    <t t-if="widget.customerSelected!='n'">
                    <div class="search-default-cars" style="margin-bottom: 10px;">
                        Please select Cars for<br />
                        <b>Customer:</b> <t t-esc="widget.customerSelectedName" />
                    </div>
                    </t>
                    <div class="search-default-cars" style="margin-bottom: 10px;">
                        <div style="text-align: left;margin-bottom:5px;">
                            <small style="font-size: 12px;">Enter your query and press enter</small>
                            <a href="javascript:;" class="clear-search-result" style="display:none">Clear Search Result</a>
                        </div>
                        <input type="text" placeholder="Search" class="input-seaarch-car" />
                        <input type="hidden" class="input-set-car" />
                        <a href="javascript:;" last-show="0" class="show-last-twenty cars-paging">&lt; Show Last 20</a>
                        <a href="javascript:;" last-show="20" class="show-next-twenty cars-paging">Show Next 20 &gt;</a>
                    </div>
                    <div class="touch-scrollable scrollable-y" style="height: 480px">
                        <table class="client-cars-list">
                            <thead>
                                <tr>
                                    <th style="width: 230px;">Customer Name</th>
                                    <th style="width: 100px;">Mobile #</th>
                                    <th style="width: 100px;">Car Brand</th>
                                    <th style="width: 100px;">Car Model</th>
                                    <th style="width: 100px;">Vehicle No</th>
                                    <th></th>
                                </tr>
                            </thead>
                            <tbody></tbody>
                        </table>
                    </div>
                </div>
                <div class="footer">
                    <div class="button cancel">
                        Cancel
                    </div>
                </div>
            </div>
        </div>
    </t>
    <t t-extend="PosTicket">
        <t t-jquery='.pos-sale-ticket' t-operation='replace'>
            <div class="pos-sale-ticket">
                <div style="width: 100%;float: left;text-align: center;">
                    <t t-if="widget.pos.config.reciept_logo">
                    <img class="just-to-check-image" t-att-src="rec_logo" style="width:40%"/>
                    </t>
                </div>
                <div style="width: 100%;float: left;text-align: center;margin-top: 7px;margin-bottom: 10px;">
                    <img class="just-to-check-image" src="/tst_changes/static/src/img/bmw-logo.jpg" style="width:17%"/>
                    <img class="just-to-check-image" src="/tst_changes/static/src/img/toyota-logo.jpg" style="width:17%"/>
                    <img class="just-to-check-image" src="/tst_changes/static/src/img/kia-logo.jpg" style="width:20%;position: relative;top: -10px;left: 3px;"/>
                    <img class="just-to-check-image" src="/tst_changes/static/src/img/honda-logo.jpg" style="width:20%;position: relative;top: -5px;"/>
                    <img class="just-to-check-image" src="/tst_changes/static/src/img/suzuki-logo.png" style="width:16%"/>
                </div>
                <div style="width: 100%;float: left;text-align: center;">
                    <div style="border: 1px solid;width:40%;float:left">Payment Mode</div>
                    <t t-foreach="paymentlines" t-as="line">
                    <div style="border: 1px solid;width: 50%;float:right;font-weight:bold"><t t-esc="line.name"/></div>
                    </t>
                </div>
                <div style="width: 100%;float: left;text-align: center;margin-top:5px">
                    <div style="border: 1px solid;width:47%;float:left"><b>Dock Station:</b><br /><t t-esc="widget.pos.table.name"/></div>
                    <div style="border: 1px solid;width:50%;float:right;"><b>Invoice #</b> <br /><t t-esc="order.name"/></div>
                </div>
                <div style="width: 100%;float: left;text-align: center;margin-top:5px;margin-top:5px;margin-bottom:8px">
                    <div style="width:47%;float:left;border:1px solid">
                        <t t-if="currentCar">
                            <t t-foreach="widget.pos.usr_cars" t-as="currCar">
                                <t t-if="currentCar==currCar.id">
                        <div class="receipt-user-car" style="border-bottom:1px solid;text-align:center">
                            <b>Vehicle No</b> <br /><t t-esc="currCar.vehicle_no" />
                        </div>
                        <t t-if="currCar.car_model">
                        <div class="receipt-user-car">
                            Car Model: <t t-esc="currCar.car_model" />
                        </div>
                        </t>
                        <div class="receipt-user-car">
                            <b><t t-esc="currCar.car_brand[1]" /></b>
                        </div>
                                </t>
                            </t>
                        </t>
                    </div>
                    <div style="border: 1px solid;width:50%;float:right;"><b>Date</b> <br /><t t-esc="creation_date" /></div>
                </div>
                <table class='receipt-orderlines'>
                    <tr><th style="border: 1px solid black;">KM Per Day: </th><td style="border: 1px solid black;text-align:center"><t t-esc="car_per_day_read" /></td></tr>
                    <tr><th style="border: 1px solid black;">Service Routine Change: </th><td style="border: 1px solid black;text-align:center"><t t-esc="car_per_day_read_expect" /></td></tr>
                    <tr><th style="border: 1px solid black;">Car Current Reading: </th><td style="border: 1px solid black;text-align:center"><t t-esc="car_current_read" /></td></tr>
                    <tr><th style="border: 1px solid black;">Next Service: </th><td style="border: 1px solid black;text-align:center"><t t-esc="car_next_oil_read" /></td></tr>
                    <tr><th style="border: 1px solid black;">Next Service Date: </th><td style="border: 1px solid black;text-align:center"><t t-esc="car_next_oil_date_read" /></td></tr>
                </table><br />
                <table class='tst-receipt-orderlines'>
                    <thead style="border: 2px solid black;border-right:0px;border-left:0px">
                        <tr>
                            <th class="pos-center-align">Item</th>
                            <th class="pos-center-align">Rate</th>
                            <th class="pos-center-align">Disc.</th>
                            <th class="pos-center-align">Qty</th>
                            <th class="pos-center-align">Amount</th>
                        </tr>
                    </thead>
                    <tbody style="border-bottom:2px solid #000">
                        <tr t-foreach="orderlines" t-as="orderline" style="border-bottom:1px solid">
                            <td class="pos-center-align">
                                <t t-esc="orderline.get_product().display_name"/>
                                <t t-set="getDiscPrie" t-value="-9" />
                                <t t-set="getFixedDiscPrie" t-value="-9" />
                                <t t-if="orderline.get_discount() > 0">
                                    <div class="pos-disc-font">
                                        <t t-esc="orderline.get_discount()"/>% discount
                                        <t t-set="getDiscPrie" t-value="orderline.get_original_discount_price(orderline.get_discount(),orderline.get_unit_price())"/>
                                    </div>
                                </t>
                                <t t-if="typeof orderline.get_discount_fixed()=='function'">
                                <t t-if="orderline.get_discount_fixed() > 0">
                                    <div class="pos-disc-font">
                                        <t t-esc="orderline.get_discount_fixed()"/> discount
                                        <t t-set="getFixedDiscPrie" t-value="orderline.get_discount_fixed()"/>
                                    </div>
                                </t>
                                </t>
                            </td>
                            <td class="pos-center-align"><t t-esc="orderline.get_unit_price()"/></td>
                            <td class="pos-center-align">
                                <t t-if="getDiscPrie!=-9"><t t-esc="getDiscPrie" /></t>
                                <t t-if="getFixedDiscPrie!=-9"><t t-esc="getFixedDiscPrie" /></t>
                            </td>
                            <td class="pos-center-align">
                                <t t-esc="orderline.get_quantity_str_with_unit()"/>
                            </td>
                            <td class="pos-right-align">
                                <t t-esc="widget.format_currency(orderline.get_display_price())"/>
                            </td>
                        </tr>
                    </tbody>
                    <tfoot></tfoot>
                </table>
                <br />
                <table class='receipt-paymentlines'>
                    <t t-foreach="paymentlines" t-as="line">
                      <tr>
                          <td>
                              <t t-esc="line.name"/>
                          </td>
                          <td class="pos-right-align">
                              <t t-esc="widget.format_currency(line.get_amount())"/>
                          </td>
                      </tr>
                    </t>
                </table>
                <br />
                <table class='receipt-change'>
                    <tr><td>Change:</td><td class="pos-right-align">
                        <t t-esc="widget.format_currency(order.get_change())"/>
                        </td></tr>
                </table>
                <t t-if="employees.length>0">
                *****************Workers*******************
                <t t-foreach="employees" t-as="sel">
                <div class="receipt-user-car">
                    <t t-esc="sel" />
                </div>
                </t>
                *******************************************
                </t>
                <t t-if="receipt.footer">
                    <br />
                    <br />
                    <div style='border: 2px solid #000;text-align:center'>
                        <t t-esc="receipt.footer" />
                    </div>
                </t>
            </div>
        </t>
    </t>
    <t t-extend="ActionpadWidget">
        <t t-jquery=".button.pay" t-operation="replace">
            <button class='button pay'>
                <div class='pay-circle'>
                    <i class='fa fa-chevron-right' />
                </div>
                Final Bill
            </button>
        </t>
    </t>
    <t t-extend="Chrome">
        <t t-jquery=".pos-branding" t-operation="replace">
            <div class="pos-branding">
                <span class="placeholder-UsernameWidget"></span>
            </div>
        </t>
    </t>
</templates>